No,Nim,Nama ,Tempat & tanggal lahir,Fakultas/Ketrampilan,Alamat,Tahun Masuk,Tahun Lulus,Status Pekerjaan,Lama Masa Tunggu (bulan),Gaji Pertama bekerjaa,Nilai Toefl,IPK
1,9018263,Puguh Drajat E.P,"Purworejo, 4 November 1989",FTI / Teknik Iformatika,Tangerang Rt. 01/ 0,2009,2016,,2.4,1475635,390,"2,13"
2,12022030,Arsyad Cahya Subrata,"Bantul, 21 juni 1994",FTI / Teknik Elektro,"Karangpule Rt.01 , Tirtonirmolo , Kasihan Bantul",2012,2016,,,,,
3,12020021,Yesi Novela ,"Tempilang, 1 januari 1995",FTI,,2012,2016,Mahasiswa,2.4,1475635,,
4,9018269,Pandu Herwijaya,"Lampung, 19 Desember 1990",FTI/ Teknik Infomatika,"Tamantirto, Kasihan ,Bantul",2009,2016,,2.4,1475634,413,"2,75"
5,9018109,Anjar Prasetyo,"Gunungkidul, 27 April 1991",FTI /Teknik Informatika,"Umbulharjo , Yogyakarta",2009,2016,,,,,
6,9020026,Moh. Dadi Kurniawan,"Savanajaya, 27 Maret 1992",FTI / Futsal,Saren Rt. 02 Rw. 01 Caturtunggal ,2009,2016,,2.4,1475635,400,"3,24"
7,12018060,Martin Sarlina,"Lepak, 23 Maret 1994",FTI,NTB,2012,2016,,2.4,1475635,396,"3,27"
8,11018022,Yan Adhi Permadi,"Jepara, 22 juni 1993",FTI,Umbulharjo V,2011,2016,Wiraswasta,2.4,1475635,460,"3,20"
9,9018212,Achicha Wahyuni,"Yogyakarta, 3 juni 1991",FTI/ Web Design,"Noyokerten, Sendangirto, Berbah",2009,2016,Guru,0,600000,403,"3,24"
10,9018301,Yayan Tisna Permadi,"Purbalingga, 08 Oktober 1991",FTI/ Teknik Inormatika,"Tajug, Rt.04/ 05 Purbalingga",2009,2016,,2.4,1475635,450,"3,06"
11,12022020,Muh. Rama dhai,"Pekanbaru, 29 Maret 1992",FTI / Teknik Elektro,"Karongan Rt/Rw. 04/11 Jogotirto, Berbah Sleman",2012,2016,,2.4,1200000,423,3.47
12,12022038,Nurwahyuddi,"Dili, timor-timur/ 13 April 1995",FTI / Teknik Elektro,Juru Gentong J V/407 C Banguntapan,2012,2016,Mahasiswa,2.4,1475635,413,"3,62"
13,12019039,Agus Purnomo,"Klaten, 2 Agustus 1992",FTI/ Teknik Industri,"Dukuh Glagahwangi, Polanharjo",2012,2016,,2.4,1475635,480,"3,32"
14,11018111,M. Akhwan Zulfayandi,"Teros, 12 September 1992",FTI/ Teknik Informatika,"Jl. Peumnas gg. Indragiri Blok B/24, Condongcatur",2011,2016,,2.4,1475635,406,"3,14"
15,9018135,Yunita Tri Hernawai,"Magelang, 20 Juni 1991",FTI/ Teknik Informatika,Magelang,2009,2016,Swasta,1,1500000,423,"2,99"
16,12018161,Pratama Setya Aji,"Sleman, 20 September 1994",FTI,Jl. Affandi gg.Kamboja CTX.19 Yogyakarta,2012,2016,Freelance,0,750000,400,"3,60"
